keyword,rank,適不適合,原因,domain_page,url,title
活動,1,1,,https://travel.tycg.gov.tw ,https://travel.tycg.gov.tw/zh-tw/event/calendar,節慶與活動 - 桃園觀光導覽網
活動,2,,,https://tyenews.com ,https://tyenews.com/event/,活動- 桃園電子報
活動,3,,,https://www.trippois.com ,https://www.trippois.com/activitys-%E6%A1%83%E5%9C%92,桃園活動介紹 - 旅遊點
活動,4,,,https://momotravel.tw ,https://momotravel.tw/taipeishow201712/,台北展覽》2023 1月.2月.3月情侶.親子展覽活動懶人包
活動,5,,,https://www.klook.com ,https://www.klook.com/zh-TW/tetris/promo/event-theme-tw-monthly-popular/,全台1月最新活動及熱門好去處 - Klook
活動,6,,,https://www.travel.taipei ,https://www.travel.taipei/zh-tw/activity?page=1,活動盛事 - 臺北旅遊網
活動,7,,,https://www.tripadvisor.com.tw ,https://www.tripadvisor.com.tw/Attractions-g293910-Activities-c62-Taiwan.html,Top 10 台灣最佳活動 - Tripadvisor
活動,8,,,https://lovefree365.pixnet.net ,https://lovefree365.pixnet.net/blog/post/403149005-%E5%A5%BD%E7%8E%A9%E6%8E%A8%E8%96%A6%28%E5%85%A8%E5%8F%B0-%E5%8F%B0%E5%8C%97%2C%E5%8F%B0%E4%B8%AD%2C%E9%AB%98%E9%9B%84..%29%E5%B1%95%E8%A6%BD%2C%E6%B4%BB%E5%8B%95%E7%B8%BD,【展覽活動2022懶人包】12-01月全台-台北台中高雄..十大熱門 ...
活動,9,,,https://strolltimes.com ,https://strolltimes.com/taoyuan/2540/,不斷更新／2022桃園活動資訊整理 - 漫步時光
活動,10,,,https://www.starbucks.com.tw ,https://www.starbucks.com.tw/stores/allevent/show.jspx?n=2900,補班日加油第二杯半價 - 門市最新活動|星巴克| Starbucks Taiwan
活動,11,,,https://pinje1225.pixnet.net ,https://pinje1225.pixnet.net/blog/post/222017515-%E6%9C%AC%E5%91%A8%E6%9C%AB%E4%B8%AD%E9%83%A8%E6%B4%BB%E5%8B%95%E5%BD%99%E6%95%B4%2820170328%E6%9B%B4%E6%96%B0%29,本周末中部活動彙整~苗栗/台中/彰化/南投/雲林(20230107更新 ...
活動,12,,,https://www.youtube.com ,https://www.youtube.com/watch?v=6B8cVS7dczo,格鬥涉及賭博?活動負責人僅20歲出事後卻返新竹｜TVBS新聞
活動,13,,,https://wiki.mbalib.com ,https://wiki.mbalib.com/zh-tw/%E6%B4%BB%E5%8A%A8,活動- MBA智库百科
活動,14,,,https://tmc.taipei ,https://tmc.taipei/show/,最近活動 - 台北流行音樂中心
活動,15,,,https://event.moc.gov.tw ,https://event.moc.gov.tw/sp.asp?xdurl=HySearchG22016/SearchResult.asp&ctNode=676&mp=1,藝文活動查詢
活動,16,,,https://www.taichung.gov.tw ,https://www.taichung.gov.tw/12026/calendarList,熱門公告-活動行事曆 - 臺中市政府
活動,17,,,https://www.tainanoutlook.com ,https://www.tainanoutlook.com/tainan_info/all,2022 台南熱門活動推薦#近期活動#市集#展覽#精選行程
活動,18,0,,https://www.esunbank.com.tw ,https://www.esunbank.com.tw/event/credit/UBear/index.html,玉山UBear信用卡
活動,19,,,https://www.facebook.com ,https://www.facebook.com/profile.php?id=100064149305772,2022大型活動
活動,20,,,https://event.culture.tw ,https://event.culture.tw/NTMOFA,報名 - 藝文活動平台
活動,21,1,,https://www.npm.gov.tw ,https://www.npm.gov.tw/Activity-Current.aspx?sno=03000079&l=1,當期活動 - 國立故宮博物院
活動,22,,,https://jfsblog.com ,https://jfsblog.com/blog/post/taoyuan-travel-news,「2022桃園活動」最新資訊全蒐錄，歡迎轉子站並分享活動
活動,23,0,,https://event.12cm.com.tw ,https://event.12cm.com.tw/starbucks/sign_in,星巴克數位體驗
活動,24,0,,https://service.gov.taipei ,https://service.gov.taipei/rental/VenueDetail/84a36adfb2e2,場租- 松江區民活動中心 - 市民服務大平臺
活動,25,1,,https://www.taiwan.net.tw ,https://www.taiwan.net.tw/m1.aspx?sNo=0000104,節慶活動 - 交通部觀光局
活動,26,0,blog整理,https://decing.tw ,https://decing.tw/tainan-202301/,【台南活動】2023年台南1月份活動總整理 - 熱血玩台南
活動,27,0,new event,https://www.chinatimes.com ,https://www.chinatimes.com/Search/%E6%B4%BB%E5%8B%95,Chinatimes.com - 活動 - 中時新聞網
活動,28,1,,https://act.twse.com.tw ,https://act.twse.com.tw/ETN2022/,投資人ETN獎勵活動 - 台灣證券交易所
活動,29,1,,https://www.afmc.gov.tw ,https://www.afmc.gov.tw/Activity?c3=hall1,桃園市政府藝文設施管理中心桃園展演中心
活動,30,0,,https://www.taiwanpay.com.tw ,https://www.taiwanpay.com.tw/content/info/news.aspx,優惠活動 - 台灣Pay
活動,31,0,,https://myactivity.google.com ,https://myactivity.google.com/?utm_source=pp&hl=zh_TW,歡迎使用「我的活動」
活動,32,0,,https://www.cathaybk.com.tw ,https://www.cathaybk.com.tw/cathaybk/personal/product/credit-card/cards/cube/,CUBE卡- 信用卡介紹- 信用卡- 產品介紹- 國泰世華銀行
活動,33,1,,https://www.bnext.com.tw ,https://www.bnext.com.tw/events,最新活動｜數位時代BusinessNext
活動,34,0,,https://www.ctbcbank.com ,https://www.ctbcbank.com/content/twrbo/zh_tw/onlinecounter_index/cc_service/cc_service_register/cc_service_register_activity.html,優惠活動登錄 - 中國信託
活動,35,0,,https://gnn.gamer.com.tw ,https://gnn.gamer.com.tw/detail.php?sn=243674,《原神》公開3.4 版本活動祈願及預告影片全新角色  5 艾爾海森
活動,36,1,,https://www.koryu.or.jp/tw/,https://www.koryu.or.jp/tw/business/study/grant/,學術活動經費資助 - 日本台湾交流協会
活動,37,0,,https://www.ncyu.edu.tw ,https://www.ncyu.edu.tw/act/gradation.aspx?site_content_sn=3307,社團/系學會活動資料表格--學生事務處-課外活動指導組 - 嘉義大學
活動,38,0,,https://mkt.happygocard.com.tw ,https://mkt.happygocard.com.tw/event/HAPPYGOPay/web/event.html,HAPPYGO Pay全面單筆3倍贈
活動,39,0,,https://www.mcdonalds.com ,https://www.mcdonalds.com/tw/zh-tw/whats-hot.html,現正推出：2022 最新優惠與活動｜麥當勞McDonald's
活動,40,1,,https://www.nhi.gov.tw ,https://www.nhi.gov.tw/publicjoin/registration.aspx?n=81045A8AEC902FC9&sms=36A0BB334ECB4011,活動園地 - 衛生福利部中央健康保險署
活動,41,0,百貨公司活動,https://www.gloriaoutlets.com ,https://www.gloriaoutlets.com/chi/news_list/,活動快訊/最新消息/GLORIA OUTLETS華泰名品城
活動,42,0,,https://zh.m.wikipedia.org ,https://zh.m.wikipedia.org/zh-tw/%E4%BC%91%E9%96%92%E6%B4%BB%E5%8B%95,休閒活動- 维基百科，自由的百科全书
活動,43,0,,https://activity.ubot.com.tw ,https://activity.ubot.com.tw/2023LaiDianCard/index.htm,聯邦賴點卡新戶最高800
活動,44,0,,https://www.citycafe.com.tw ,https://www.citycafe.com.tw/notice.aspx,CITYCAFE 優惠活動
活動,45,1,,https://isports.sa.gov.tw ,https://isports.sa.gov.tw/apps/TIS/TIS02/TIS0201M_01V1.aspx?ACT_TP_CD=2&MENU_PRG_CD=1&ITEM_PRG_CD=2,i運動資訊平台-系列活動 - 教育部體育署
活動,46,0,,https://ezweb.easycard.com.tw ,https://ezweb.easycard.com.tw/Event01/JCBMainServlet,獨享禮遇JCB晶緻等級以上（含極緻、尊緻）悠遊卡自動加值10 ...
活動,47,0,,https://www.linetv.tw ,https://www.linetv.tw/feed/campaign,活動 - LINE TV
活動,48,0,,https://www.fubon.com ,https://www.fubon.com/banking/event/credit_card/20170718A/index.html,加入富邦信用卡網路會員並登錄活動
活動,49,0,,https://mkpcard.taishinbank.com.tw ,https://mkpcard.taishinbank.com.tw/tscccms/signin,登錄活動 - 台新銀行
活動,50,0,,https://www.megabank.com.tw ,https://www.megabank.com.tw/personal/credit-card/event/overview,刷卡優惠總覽 - 兆豐銀行
活動,51,0,,https://pokemongolive.com ,https://pokemongolive.com/zh_hant/post/twinkling-fantasy/,在閃爍明星活動中享受屬於自己的奇幻冒險吧！ - Pokémon GO
活動,52,1,,https://www.tfam.museum ,https://www.tfam.museum/Event/Event.aspx,最新活動 - 臺北市立美術館
活動,53,0,,https://www.icashpay.com.tw ,https://www.icashpay.com.tw/advertMessage/index,活動訊息- icash Pay
活動,54,0,法規資料庫,https://law.moj.gov.tw ,https://law.moj.gov.tw/LawClass/LawAll.aspx?pcode=J0030115,經濟部協助產業創新活動補助獎勵及輔導辦法 - 全國法規資料庫
活動,55,0.5,,https://my.ntu.edu.tw ,https://my.ntu.edu.tw/actregister/actionList.aspx,活動報名系統- 活動總表
活動,56,0,,https://www.momoshop.com.tw ,https://www.momoshop.com.tw/edm/cmmedm.jsp?lpn=O0Y2mh4ttZH&n=1,2023/1月銀行優惠總覽- momo購物網
活動,57,0,,https://www.taipei-101.com.tw ,https://www.taipei-101.com.tw/event/culture,活動快訊| Taipei 101
活動,58,0,,https://ccard.firstbank.com.tw ,https://ccard.firstbank.com.tw/cmsweb/home/CreditCardActivityApply,刷卡活動登錄 - 一銀信用卡網路辦卡／會員服務網
活動,59,0,,https://www.ikea.com.tw ,https://www.ikea.com.tw/zh/campaign/latest-activities,最新活動 - IKEA
活動,60,1,,https://ws1.nkust.edu.tw/Activity/,https://ws1.nkust.edu.tw/Activity/,活動訊息平台 - 國立高雄科技大學
活動,61,1,,https://www.typl.gov.tw ,https://www.typl.gov.tw/zh-tw,桃園市立圖書館: 首頁
活動,62,0,,https://support.apple.com ,https://support.apple.com/zh-tw/guide/activity-monitor/welcome/mac,Mac 活動監視器使用手冊- Apple 支援(台灣)
活動,63,0,,https://www.skbank.com.tw ,https://www.skbank.com.tw/CCO-3.html,個金-信用卡-刷卡優惠-活動登錄 - 新光銀行
活動,64,0,,https://hocom.tw ,https://hocom.tw/h/?key=1185365373,華泰活動工程有限公司 - hocom.tw
活動,65,0,,https://www.taiwanmobile.com ,https://www.taiwanmobile.com/content/event/monthlyevent/,【台灣大哥大網路門市加碼活動】申辦指定專案抽豪華家電大 ...
活動,66,0,,https://www.card.rakuten.com.tw ,https://www.card.rakuten.com.tw/corp/campaign/,最新優惠活動 - 樂天信用卡
活動,67,1,,https://www.cet-taiwan.org ,https://www.cet-taiwan.org/events,活動 - 地球公民基金會
活動,68,0,,https://tpcuip.taipower.com.tw ,https://tpcuip.taipower.com.tw/savepower/,台電節電獎勵活動
活動,69,0.5,,https://my.ntu.edu.tw/actregister/Default.aspx,https://rb005.ndhu.edu.tw/p/412-1005-490.php,課外活動組
活動,70,0,,https://health.udn.com ,https://health.udn.com/health/cate/7732,活動｜文章列表｜元氣網 - 聯合報
活動,71,1,,https://www.ocac.gov.tw ,https://www.ocac.gov.tw/ocac/Pages/List.aspx?nodeid=349,歡迎蒞臨僑委會全球資訊網– 活動 - 中華民國僑務委員會
活動,72,0,,https://www.specialoffers.jcb ,https://www.specialoffers.jcb/zh-tw/campaign/d/east-asia/japan/,日本| JCB活動| 台灣| JCB精選優惠
活動,73,-1,cannot connect,http://www.citytalk.tw ,http://www.citytalk.tw/cata/0/,找活動 - Citytalk城市通
活動,74,0,,https://www.asus.com ,https://www.asus.com/tw/events/,活動說明 - ASUS
活動,75,0,,https://www.leagueoflegends.com ,https://www.leagueoflegends.com/zh-tw/news/game-updates/league-of-legends-and-teamfight-tactics-sea-welcome-events/,《英雄聯盟》與《聯盟戰棋》東南亞歡迎活動
活動,76,0,,https://blog.kkday.com ,https://blog.kkday.com/95475/asia-taiwan-taipei-exhibition,台北展覽館活動2023》1月必看台北展覽推薦！松菸/華山/藝文 ...
活動,77,0,,http://www.okurataipei.com.tw ,http://www.okurataipei.com.tw/zh-TW/news/activity,大倉久和最新消息-活動公告
活動,78,1,,https://www.hsinchu.gov.tw ,https://www.hsinchu.gov.tw/ActivityHot.aspx?n=2243&sms=10042,新竹縣政府全球資訊網-熱門活動
活動,79,1,,https://recreation.forest.gov.tw ,https://recreation.forest.gov.tw/Event,熱門活動 - 台灣山林悠遊網- 林務局
活動,80,0,,https://foodpandarider.tw ,https://foodpandarider.tw/activity,加碼活動 - foodpanda外送夥伴官方平台
活動,81,0.5,,https://khh.travel ,https://khh.travel/zh-tw/exhibition,展演資訊 - 高雄旅遊網
活動,82,0,,https://www.bankchb.com ,https://www.bankchb.com/frontend/CampaignLog.jsp,活動登錄
活動,83,0,,https://www.gq.com.tw ,https://www.gq.com.tw/project,主題活動- GQ瀟灑男人網∣ 男人時尚生活有型有款引領潮流第 ...
活動,84,0,,https://www.linebank.com.tw ,https://www.linebank.com.tw/notice/events/1187189,LINE Bank 快點卡午餐
活動,85,0,,https://www.canva.com ,https://www.canva.com/zh_tw/create/facebook-event-covers/,製作令人驚艷的Facebook 活動封面 - Canva
活動,86,0,,http://cslib.ht.org.tw ,http://cslib.ht.org.tw/ActivityMessage/MessageA,活動需知 - 行天宮親子圖書館選課系統
活動,87,0,,https://tour.klcg.gov.tw ,https://tour.klcg.gov.tw/zh-hant/attractions/special-events/,節慶活動 - 基隆旅遊網
活動,88,0,blog整理,https://www.tainanlohas.cc ,https://www.tainanlohas.cc/p/tainan-event-list.html,[活動] 2023/1/6-1/8｜台南週末活動整理懶人包｜本週資訊數95
活動,89,0.5,活動來源網頁的樣式不太一樣,https://www.discoverhongkong.com ,https://www.discoverhongkong.com/tc/what-s-new/events.html,活動情報| 香港旅遊發展局 - Hong Kong Tourism Board
活動,90,1,,https://www.cksmh.gov.tw ,https://www.cksmh.gov.tw/informationlist_410.html,藝文活動簡訊 - 國立中正紀念堂
活動,91,1,,https://www.syntrend.com.tw ,https://www.syntrend.com.tw/event_list.html,活動推薦 - 三創生活
活動,92,1,,https://www.huf.org.tw ,https://www.huf.org.tw/event,課程活動 - 主婦聯盟環境保護基金會
活動,93,,,https://ebook.hyread.com.tw ,https://ebook.hyread.com.tw/activity/202204hyreadschool/index.html,閱讀充電站     2022HyRead電子書校園活動
活動,94,1,,https://serv.nstm.gov.tw ,https://serv.nstm.gov.tw/act_group,推廣教育活動系列 - 推廣教育活動報名系統
活動,95,0,,https://www.wowlavie.com ,https://www.wowlavie.com/tag/%E5%85%A8%E5%8F%B0%E6%9C%80%E6%96%B0%E5%B1%95%E8%A6%BD%E6%B4%BB%E5%8B%95,全台最新展覽活動 - La Vie
活動,96,0,,https://www.uniqlo.com ,https://www.uniqlo.com/tw/collection/credit-cards/,UNIQLO信用卡活動介紹
活動,97,1,,https://www.nlpi.edu.tw ,https://www.nlpi.edu.tw/ActivityInfoListC001200.aspx?CategoryID=51427678-b22b-452e-9eed-30fc27eb788d&appname=ActivityInfoListC001202,研習活動 - 國立公共資訊圖書館
活動,98,1,,https://newtaipei.travel ,https://newtaipei.travel/zh-tw/calendar/list,展演活動 - 新北市觀光旅遊網
活動,99,1,,https://www.osa.nchu.edu.tw ,https://www.osa.nchu.edu.tw/osa/cdc/sys/modules/eguide/,國立中興大學學生事務處生涯發展中心活動報名
活動,100,,,https://www.twmp.com.tw ,https://www.twmp.com.tw/News_detail/5befb248f3194cecb4dba23b0bb30bef,行銷活動- 「台灣行動支付APP」信用卡感應購物2%回饋
活動,101,1,,https://www.lib.nthu.edu.tw ,https://www.lib.nthu.edu.tw/events/index.html,2022年展覽與活動 - 國立清華大學圖書館
活動,102,0.5,,https://www.hanshin.com.tw ,https://www.hanshin.com.tw/%E6%BC%A2%E7%A5%9E%E5%B7%A8%E8%9B%8B/tw/News/all,漢神巨蛋| 最新消息
活動,103,1,,https://www.shoppingdesign.com.tw ,https://www.shoppingdesign.com.tw/post/category/event,展覽/活動|ShoppingDesign
活動,104,1,,https://ppp.mof.gov.tw ,https://ppp.mof.gov.tw/WWW/edu.aspx,財政部推動促參司-活動資訊
活動,105,1,,https://travel.yahoo.com.tw ,https://travel.yahoo.com.tw/activity/,旅遊行事曆最新旅遊資訊 - 奇摩旅遊- Yahoo奇摩
活動,106,1,,https://bookzone.cwgv.com.tw ,https://bookzone.cwgv.com.tw/activities,最新活動 - 天下文化
活動,107,1,,https://wemallsite.wixsite.com ,https://wemallsite.wixsite.com/asewemall/activity,全館活動| asewemall - Wix.com
活動,108,1,,https://tycs.com.tw ,https://tycs.com.tw/EventList,活動資訊 - 桃園市晟崧休閒登山會
活動,109,,,https://www.yamaha-motor.com.tw ,https://www.yamaha-motor.com.tw/news/promoList.aspx,優惠活動| YAMAHA台灣山葉機車
活動,110,1,,https://ys.wda.gov.tw ,https://ys.wda.gov.tw/L/20/,北分署YS青年職涯發展中心> 線上預約> 活動報名
活動,111,1,,https://www.chiayi.gov.tw ,https://www.chiayi.gov.tw/News_Tourism_Calendar.aspx?n=1165&sms=9152,嘉義市政府全球資訊網-活動總覽
活動,112,,,https://www.monster-strike.com.tw ,https://www.monster-strike.com.tw/news/20230105_gd.html,與《GUNDAM SERIES》的合作活動即將開跑！ - 怪物彈珠
活動,113,1,,https://www.ksml.edu.tw ,"https://www.ksml.edu.tw/LibNews/index.aspx?Parser=9,4,33,,,,,,,,1",高雄市立圖書館全球資訊網-最新消息-最新活動
活動,114,,,https://www.febigcity.com ,https://www.febigcity.com/bigcity/event,活動情報- 全部- Big City 遠東巨城購物中心
活動,115,,,https://pd.pacific-mall.com.tw ,https://pd.pacific-mall.com.tw/news.php?c=7,卡友/會員活動-屏東太平洋百貨
活動,116,,,http://www.dream-mall.com.tw ,http://www.dream-mall.com.tw/Activity?expand=Bonus,當月情報- 全館活動 - 夢時代
活動,117,1,,https://www.tndais.gov.tw ,https://www.tndais.gov.tw/theme_list.php?theme=news&sub_theme=activity,活動預告 - 臺南區農業改良場
活動,118,,validtion dataset contain,https://art.turn.tw ,https://art.turn.tw/taipei/calendar?place=cksmh,中正紀念堂最新活動- 小藝行事曆
活動,119,,,https://www.familyshoes.com.tw ,https://www.familyshoes.com.tw/Actions.aspx,活動快訊 - 鞋全家福
活動,120,1,,https://planning.yunlin.gov.tw ,https://planning.yunlin.gov.tw/News.aspx?n=14556&sms=18213,系列活動 - 雲林縣政府計畫處
活動,121,1,,https://pier2.org ,https://pier2.org/activity/,活動| 駁二藝術特區
活動,122,,,https://netbank.hncb.com.tw ,https://netbank.hncb.com.tw/netbank/servlet/TrxDispatcher?trx=com.lb.wibc.trx.CardPromoteOverall_RWD&state=prompt,信用卡活動登錄 - 華南銀行
活動,123,1,train have,https://kktix.com ,https://kktix.com/events,探索活動 - KKTIX
活動,124,1,,https://www.britishcouncil.org.tw ,https://www.britishcouncil.org.tw/study-uk/events,活動及講座 - 英國文化協會
活動,125,,,https://bank.sinopac.com ,https://bank.sinopac.com/sinopacBT/personal/credit-card/discount/759458089.html,汗水不白流APP活動 - 永豐銀行
活動,126,1,train/vali  have,https://www.kmfa.gov.tw ,https://www.kmfa.gov.tw/Exhibition,展覽與活動 - 高雄市立美術館
活動,127,1,,https://www.bocach.gov.tw ,https://www.bocach.gov.tw/News.aspx?n=19&sms=9967,彰化縣文化局-中文網-最新消息
活動,128,0,,http://www.citygod.tw ,http://www.citygod.tw/activity.php,年度活動表 - 臺灣省城隍廟
活動,129,0,,https://kazemai.github.io ,https://kazemai.github.io/fgo-vz/event_history.html,過去活動
活動,130,1,,https://diplomacy.nccu.edu.tw ,https://diplomacy.nccu.edu.tw/PageDoc?fid=4392,國立政治大學外交學系-活動公告
活動,131,1,,https://ajay.com.tw ,https://ajay.com.tw/khxmas2022/,2022高雄聖誕節景點活動懶人包- 光雕聖誕樹童話小鎮雪花泡泡 ...
活動,132,,,https://www.kocpc.com.tw ,https://www.kocpc.com.tw/archives/476548,2023 小米年貨節活動優惠懶人包，購機最高省 ... - 電腦王阿達
活動,133,,news page not sutiable,https://news.ltn.com.tw ,https://news.ltn.com.tw/news/life/breakingnews/4178208,高雄春節活動連發！六龜藝文季燈籠點亮美濃彩繪花海超美- 生活
活動,134,1,,https://www.trend.org ,https://www.trend.org/activity,趨勢教育基金會_活動報名
活動,135,0,no list page,https://travel.yam.com ,https://travel.yam.com/article/127947,2022年6月全台各地推薦活動 - 輕旅行
活動,136,1,,http://www.majisquare.com ,http://www.majisquare.com/event_list.php,好活動 - Maji Maji 集食行樂
活動,137,0,game,https://www.tw.playblackdesert.com ,https://www.tw.playblackdesert.com/News/Notice,最新消息| 黑色沙漠台灣/香港/澳門
活動,138,1,,https://www.cccepa.org ,https://www.cccepa.org/archives/1203,【全台特展活動一次看！】CCCEPA整理精選
活動,139,1,,https://www.teclandart.tw ,https://www.teclandart.tw/zh/home/,東海岸大地藝術節
活動,140,1,,https://www.energytaiwan.com.tw ,https://www.energytaiwan.com.tw/zh-tw/calendar/event-calendar.html,台灣國際智慧能源週-活動行事曆
活動,141,,,https://shopee.tw ,https://shopee.tw/campaigns,2022 年蝦皮購物全站優惠折扣活動、折價券領取訊息即時更新！
活動,142,1,,https://www.hccc.gov.tw ,https://www.hccc.gov.tw/zh-tw/Activity,活動查詢 - 花蓮縣文化局
活動,143,0,但這個網頁有活動來源,https://www.chupei.gov.tw ,https://www.chupei.gov.tw/travel2/,藝遊竹北
活動,144,0,,https://event-pay.line.me ,https://event-pay.line.me/tw/,活動訊息 - LINE
活動,145,1,train/vali  have,http://www.taiwanoncologysociety.org.tw ,http://www.taiwanoncologysociety.org.tw/ehc-tos/s/w/edu/schedule/schedule1?eduIn=0,中華民國癌症醫學會Taiwan Oncology Society
活動,146,1,,https://www.prsa.org.tw ,https://www.prsa.org.tw/events/events.php,所有學術活動 - 台灣整形外科醫學會
活動,147,0,,https://www.tsrd.com.tw ,https://www.tsrd.com.tw/event-news/brand-events,品牌活動 - 南紡購物中心-
活動,148,0.5,no sutiable,https://www.travelking.com.tw ,https://www.travelking.com.tw/event-calendar/,旅遊行事曆: 台灣熱門旅遊活動、民俗節慶及展覽資訊 - 旅遊王
活動,149,0,no sutiable,https://discover.pccu.edu.tw ,https://discover.pccu.edu.tw/anniversary/,中國文化大學60周年校慶活動專區
活動,150,0,,https://tw.ncsoft.com ,https://tw.ncsoft.com/lineage2m/eventon,天堂2M – 活動
活動,151,0,train/vali  have,https://club.adm.ncu.edu.tw ,https://club.adm.ncu.edu.tw/login,登入 - 國立中央大學課外活動組
活動,152,0,no sutiable,https://showthinker.com ,https://showthinker.com/%E5%8F%B0%E5%8C%97%E5%B1%95%E8%A6%BD/,"【2023台北展覽懶人包】最新台北藝文活動JOJO奇妙冒險展,咒 ..."
活動,153,1,,https://www.arte.gov.tw ,https://www.arte.gov.tw/pro1_perf_nowlist.asp,國立臺灣藝術教育館全球資訊網-表演與展覽-表演活動
活動,154,0,no sutiable,https://www.mirrormedia.mg ,https://www.mirrormedia.mg/story/20230108soc006/,鼓山分局辦新春揮毫、寒冬送暖活動邀「桌球教父」莊智淵 ...
活動,155,0,no sutiable,https://cotton.pink ,https://cotton.pink/oct1/,十月台中活動懶人包～綠空鐵道市集！購物節！約一波逛起來
活動,156,1,,https://irunner.biji.co ,https://irunner.biji.co/Yilan2023?page=1991,2023宜蘭四季絕代雙礁馬拉松- 筆記報名- 活動簡章
活動,157,0,no sutiable,https://cpok.tw ,https://cpok.tw/33760,【2023桃園跨年晚會活動】演唱會藝人/轉播及線上直播/接駁車 ...
活動,158,0,no sutiable,https://www.harpersbazaar.com ,https://www.harpersbazaar.com/tw/life/trips/g41541452/2022-halloween-activities/,2022全台萬聖節活動統整！台北MAJI惡靈餓餓城、桃園萬聖城
活動,159,0,no sutiable,https://heho.com.tw ,https://heho.com.tw/archives/258191,每日15 分鐘身體活動降低60% 乳癌死亡率 - Heho健康
活動,160,0,news page not sutiable,https://technews.tw ,https://technews.tw/2023/01/05/io-jupiter-moon-juno-ioio/,全太陽系火山活動最多，發現木衛一去年大規模火山爆發
活動,161,0,,https://www.funtime.com.tw ,https://www.funtime.com.tw/blog/funtime/taiwan-june-activity-calendar?&mobile=off,【六月旅遊活動月曆】全台六月份活動總整理- FunTime旅遊比價
活動,162,0,,https://english.cool ,https://english.cool/activity-campaign-event/,"「活動」英文該用Activity, Event, 還是Campaign? (含例句"
活動,163,0,但這個網頁有活動來源,https://www.csf.org.tw ,https://www.csf.org.tw/main/scholarship/,財團法人中華民國電腦技能基金會獎學金申請!
活動,164,0,,http://www.phomi.com.tw ,http://www.phomi.com.tw/activity-photo.php?ActCode=20923271,2023 NeverStop永不放棄系列活動挑戰【經典】陽金P字山道
活動,165,1,,https://www.khcc.gov.tw ,https://www.khcc.gov.tw/rwd_home02.aspx?ID=$5700&IDK=2&EXEC=L,高雄文化中心展演活動
活動,166,1,,http://khm.org.tw ,http://khm.org.tw/tw/exhibition/permanentexhibitions,常設展覽 - 高雄市立歷史博物館
活動,167,0,但這個網頁有活動來源,https://flipedu.parenting.com.tw ,https://flipedu.parenting.com.tw/article/007970,世界母語日怎麼教？活動由來一次看，跟SDGs過節日 - 翻轉教育
活動,168,0,,https://www.tainan.gov.tw ,https://www.tainan.gov.tw/News_Content.aspx?n=13370&s=7907054,2022台南暑期活動懶人包玩水、摸蛤、七夕、音樂、煙火
活動,169,0,,https://roo.cash ,https://roo.cash/blog/2022-taipei-101-anniversary-discount/,2022 買台北101 週年慶真的便宜？週年慶活動與信用卡優惠 ...
活動,170,0,,https://www.okmart.com.tw ,https://www.okmart.com.tw/member_reference,蝦皮寄取件 - OK超商
活動,171,0,,https://fullfenblog.tw ,https://fullfenblog.tw/taoyuan-lazy-bag/,周末放假玩桃園.70個桃園景點|一日遊二日遊.情侶約會.浪漫夜景 ...
活動,172,0,,https://www.storm.mg ,https://www.storm.mg/lifestyle/4429472,你玩過哪幾個？夏日必玩7大水上活動，網友最喜歡的是它-風傳媒
活動,173,0,,https://www.microsoft.com ,https://www.microsoft.com/zh-tw/microsoft-teams/webinars,適用於虛擬活動的網路研討會平台| Microsoft Teams
活動,174,0,但這個網頁有活動來源,https://www.tymetro.com.tw ,https://www.tymetro.com.tw/tymetro-new/tw/_pages/travel-guide/road.html,機場捷運營運路線 - 桃園捷運乘車指南
活動,175,0,但這個網頁有活動來源,https://student.ntust.edu.tw ,https://student.ntust.edu.tw/p/404-1053-109171.php?Lang=zh-tw,【學生活動組】教育部青年發展署「112年青年壯遊臺灣  尋找 ...
活動,176,0,但這個網頁有活動來源,https://www.trendmicro.com ,https://www.trendmicro.com/zh_tw/business/products/hybrid-cloud/cloud-one-container-image-security.html,Trend Micro Cloud One™ Container Security - 趨勢科技
活動,177,0,,https://ithelp.ithome.com.tw ,https://ithelp.ithome.com.tw/articles/10282010,活動圖教程 - iT 邦幫忙::一起幫忙解決難題，拯救IT 人的一天
活動,178,0,,https://www.welcometw.com ,https://www.welcometw.com/%E6%96%B0%E5%8C%97%E8%80%B6%E8%AA%95%E5%9F%8E%E6%87%B6%E4%BA%BA%E5%8C%85/,2023新北耶誕城｜迪士尼8大亮點搶先看！演唱會卡司、附近 ...
活動,179,1,,http://www.taipeimarathon.org.tw ,http://www.taipeimarathon.org.tw/contest.aspx,跑者廣場::全國賽會
活動,180,0,但這個網頁有活動來源,https://threeonelee.com ,https://threeonelee.com/taiwan-summer-exhibition/,【2023必看展覽活動】全台必看展覽時間、地點、購票！
活動,181,0,但這個網頁有活動來源,https://www.gacc.org.tw ,https://www.gacc.org.tw/events/2020SouthTaipei-FunCarnival,活動資訊|2020 城南有意思 - 中華文化總會
活動,182,0,,https://ytliu0.pixnet.net ,https://ytliu0.pixnet.net/blog/post/229872449-2021-%E6%A1%83%E5%9C%92%E6%B4%BB%E5%8B%95%E8%B3%87%E8%A8%8A-%7C%E6%A1%83%E5%9C%92%E5%90%84%E6%9C%88%E4%BB%BD%E6%B4%BB%E5%8B%95%E6%95%B4%E7%90%86,2021 桃園活動資訊|桃園各月份活動整理 - 隨手記錄- 痞客邦
活動,183,0,not sutiable,https://www.spring-river.com.tw ,https://www.spring-river.com.tw/edcontent.php?lang=tw&tb=2&ot=all,演出活動| 春河劇團
活動,184,0,not sutiable,https://www.spring-river.com.tw ,https://www.spring-river.com.tw/edcontent.php?lang=tw&tb=2&ot=all,演出活動| 春河劇團
活動,185,0,,https://www.pinkoi.com ,https://www.pinkoi.com/browse?catp=group_15%2Cgroup_15_1%2Clisting_1513,戶外/室內活動- 體驗活動| Pinkoi | 亞洲領先設計購物網站
活動,186,0,,https://overwatch.blizzard.com ,https://overwatch.blizzard.com/zh-tw/,《鬥陣特攻2》
活動,187,1,,https://www.penghu.gov.tw ,https://www.penghu.gov.tw/ch/home.jsp?id=10095,重要活動 - 澎湖縣政府
活動,188,0,,https://news.tvbs.com.tw ,https://news.tvbs.com.tw/travel/608674,一整年都好玩！ 台灣必玩的41項活動
活動,189,1,,https://www.tcrp.com.tw ,https://www.tcrp.com.tw/activity,當期活動 - 臺中驛鐵道文化園區
活動,190,0,但這個網頁有活動來源,https://www.nantou.gov.tw ,https://www.nantou.gov.tw/big5/hotnewsdetail.asp?dptid=376480000&catetype=01&cid=253&mcid=143974,南投縣111年度藝文教育扎根計畫成果匯演暨展覽活動10月22日 ...
活動,191,0,not sutiable,https://travel.talk.tw ,https://travel.talk.tw/Article.aspx?Article_ID=2011,【一周快訊】本週好玩好逛活動資訊，一次告訴你！(5/24～5/30)
活動,192,0,但這個網頁有活動來源,https://www.eastcoast-nsa.gov.tw ,https://www.eastcoast-nsa.gov.tw/zh-tw/event/activity/5022,2021花現東海岸導覽活動
活動,193,0,但這個網頁有活動來源,https://lohasnet.tw ,https://lohasnet.tw/Mailiao2021/,2021第一屆麥力跑路跑活動 - 樂活報名網
活動,194,0,,https://8car.com.tw ,https://8car.com.tw/article/36,台灣必去之各月份年度盛典活動｜台灣活動介紹 - 橘子貓旅遊包車
活動,195,0,但這個網頁有活動來源,https://www.tsc.taipei ,https://www.tsc.taipei/2019/08/13/%E3%80%90%E6%B4%BB%E5%8B%95%E3%80%919%E6%9C%88%E9%81%8B%E5%8B%95%E6%9C%88%E6%B4%BB%E5%8B%95/,【活動】9月運動月活動 - 臺北市網球中心
活動,196,0,,https://699pic.com ,https://699pic.com/tupian/huodong.html,活动素材_活动高清图片 - 摄图网
活動,197,0,trivel booking,https://www.tripresso.com ,https://www.tripresso.com/blog/2020/03/2020%E5%B9%B43%E6%9C%88%E5%85%A8%E5%8F%B0%E6%8E%A8%E8%96%A6%E6%B4%BB%E5%8B%95/,2020年3月全台各地推薦活動 - Tripresso旅遊咖
活動,198,0,,https://books.google.com.tw ,https://books.google.com.tw/books?id=RfBHDwAAQBAJ&pg=PA92&lpg=PA92&dq=%E6%B4%BB%E5%8B%95&source=bl&ots=-An4qB6Rw1&sig=ACfU3U0OJZYu0FDl6KlQB-gGnHmIulT7eQ&hl=zh-TW&sa=X&ved=2ahUKEwjh5Zepn7j8AhUO7WEKHUgEDC845gEQ6AF6BAgdEAM,大活動大行銷 - 第 92 頁 - Google 圖書結果
活動,199,0,,https://books.google.com.tw ,https://books.google.com.tw/books?id=qSaqDwAAQBAJ&pg=PT148&lpg=PT148&dq=%E6%B4%BB%E5%8B%95&source=bl&ots=qM16aJajop&sig=ACfU3U3NkH_LWRFh--cvrBRKLh6lK1DiGw&hl=zh-TW&sa=X&ved=2ahUKEwjh5Zepn7j8AhUO7WEKHUgEDC845gEQ6AF6BAgcEAM,大型活動的組織與管理 - Google 圖書結果
活動,200,0,,https://ota.owlting.com ,https://ota.owlting.com/invites/6SCwbcHf,https://ota.owlting.com/invites/6SCwbcHf
活動,201,0,,https://activity.iwiki.tw ,https://activity.iwiki.tw/tag/%E4%BB%8A%E6%97%A5%E6%B4%BB%E5%8B%95,今日活動 :: 2021全台活動資訊網
活動,202,0,,https://www.weblio.jp ,https://www.weblio.jp/content/%E6%B4%BB%E5%8B%95,活動(かつどう)の意味や使い方 わかりやすく解説 Weblio辞書
活動,203,0,,https://books.google.com.tw ,https://books.google.com.tw/books?id=nt1DDwAAQBAJ&pg=PT66&lpg=PT66&dq=%E6%B4%BB%E5%8B%95&source=bl&ots=fjqanYFbbp&sig=ACfU3U1N5nvK2xnN-99Q7J6AAf9dITfrcg&hl=zh-TW&sa=X&ved=2ahUKEwjPjZ-sn7j8AhWKFIgKHVGqAAs48AEQ6AF6BAgFEAM,特殊需求學生音樂教學活動:系列教材. I - 第 1 卷 - Google 圖書結果
活動,204,0,,https://books.google.com.tw ,https://books.google.com.tw/books?id=SDu-eE0pfI8C&pg=PP9&lpg=PP9&dq=%E6%B4%BB%E5%8B%95&source=bl&ots=1wuDVzI1bb&sig=ACfU3U1u_CChSurcsNyaHcpgZWTcEY4DBw&hl=zh-TW&sa=X&ved=2ahUKEwjPjZ-sn7j8AhWKFIgKHVGqAAs48AEQ6AF6BAgGEAM,幼稚園創造思考教學活動設計(一) - Google 圖書結果
活動,205,0,,https://developer.android.com ,https://developer.android.com/guide/components/activities/activity-lifecycle,The activity lifecycle - Android Developers
活動,206,0,,https://gooddo.jp ,https://gooddo.jp/magazine/social_contribution/,個人でできる社会貢献とは？種類や活動例など徹底解説
活動,207,0,,https://pl.barbereche.ch ,https://pl.barbereche.ch/%E6%BC%81-%E4%BA%BA-%E7%A2%BC%E9%A0%AD-%E6%B4%BB%E5%8B%95.html,漁人碼頭活動«G0L80FD»
